Age,Z,M
85+,63443,27431
80-84,76602,44083
75-79,89540,60570
70-74,128290,100905
65-69,150571,130255
60-64,150512,134216
55-59,142908,132857
50-54,129863,126516
45-49,129460,129916
40-44,132955,134606
35-39,125006,126853
30-34,110395,114181
25-29,106458,112008
20-24,98881,105135
15-19,91440,97547
10-14,95813,100507
5-9,87150,92182
0-4,85663,90743
